Firstname,Lastname,username,department,password
Jaujate,Ikram,i.jaujate,IT,boxofknowledge
Fauconnier,Christopher,C.fauconnier,IT,boxofknowledge
Brogniet,Geoffrey,g.brogniet,IT,boxofknowledge
Carlier,Louis,l.carlier,IT,boxofknowledge
Bauchau,Louis,l.bauchau,IT,boxofknowledge
Kinet,Simon,s.kinet,IT,boxofknowledge
Lapraille,Alexis,a.lapraille,IT,boxofknowledge
Volont,Sebastien,s.volont,IT,boxofknowledge
Dieuzeide,Gael,g.dieu,IT,boxofknowledge
Ben-Tahri,Merwane,m.bentahri,IT,boxofknowledge
Danlee,Maxime,m.danlee,IT,boxofknowledge
Daxhelet,Nicolas,n.dax,IT,boxofknowledge
Grandjean,Cyril,c.grandjean,IT,boxofknowledge
Derwa,Alexandre,a.derwa,IT,boxofknowledge
Cruz,Gabrielle,g.cruz,IT,boxofknowledge
Everard,Matthew,m.everard,IT,boxofknowledge
Antoons,Miguel,m.antoons,IT,boxofknowledge
Khazoum,Noelle,n.khazoum,IT,boxofknowledge
Libotte,Saskia,s.libotte,IT,boxofknowledge
Brille,Aurelien,a.brille,IT,boxofknowledge
